timestamp,Afvoer toren 2
2021-07-07,0.0
2021-07-08,0.0
2021-07-09,0.0
2021-07-10,0.0
2021-07-11,0.0
2021-07-12,0.0
2021-07-13,0.0
2021-07-14,0.0
2021-07-15,0.0
2021-07-16,0.0
2021-07-17,0.0
2021-07-18,0.0
2021-07-19,0.0
2021-07-20,0.0
2021-07-21,0.0
2021-07-22,0.0
2021-07-23,0.0
2021-07-24,0.0
2021-07-25,0.0
2021-07-26,0.0
2021-07-27,0.0
2021-07-28,0.0
2021-07-29,0.0
2021-07-30,0.0
2021-07-31,0.0
2021-08-01,0.0
2021-08-02,0.0
2021-08-03,0.0
2021-08-04,0.0
2021-08-05,0.0
2021-08-06,0.0
2021-08-07,0.0
2021-08-08,0.0
2021-08-09,0.0
2021-08-10,0.0
2021-08-11,0.0
2021-08-12,0.0
2021-08-13,0.0
2021-08-14,0.0
2021-08-15,0.0
2021-08-16,0.0
2021-08-17,0.0
2021-08-18,0.0
2021-08-19,0.0
2021-08-20,0.0
2021-08-21,0.0
2021-08-22,0.0
2021-08-23,0.0
2021-08-24,0.0
2021-08-25,0.0
2021-08-26,0.0
2021-08-27,0.0
2021-08-28,0.0
2021-08-29,0.0
2021-08-30,0.0
2021-08-31,0.0
2021-09-01,0.0
2021-09-02,0.0
2021-09-03,0.0
2021-09-04,0.0
2021-09-05,0.0
2021-09-06,0.0
2021-09-07,0.0
2021-09-08,0.0
2021-09-09,0.0
2021-09-10,0.0
2021-09-11,0.0
2021-09-12,0.0
2021-09-13,0.0
2021-09-14,0.0
2021-09-15,0.0
2021-09-16,0.0
2021-09-17,0.0
2021-09-18,0.0
2021-09-19,0.0
2021-09-20,0.0
2021-09-21,0.0
2021-09-22,0.0
2021-09-23,0.0
2021-09-24,0.0
2021-09-25,0.0
2021-09-26,0.0
2021-09-27,0.0
2021-09-28,0.0
2021-09-29,0.0
2021-09-30,0.0
2021-10-01,0.0
2021-10-02,0.0
2021-10-03,0.0
2021-10-04,0.0
2021-10-05,0.0
2021-10-06,0.0
2021-10-07,0.0
2021-10-08,0.0
2021-10-09,0.0
2021-10-10,0.0
2021-10-11,0.0
2021-10-12,0.0
2021-10-13,0.0
2021-10-14,0.0
2021-10-15,0.0
2021-10-16,0.0
2021-10-17,0.0
2021-10-18,0.0
2021-10-19,0.0
2021-10-20,0.0
2021-10-21,0.0
2021-10-22,0.0
2021-10-23,0.0
2021-10-24,0.0
2021-10-25,0.0
2021-10-26,0.0
2021-10-27,0.0
2021-10-28,0.0
2021-10-29,0.0
2021-10-30,0.0
2021-10-31,0.0
2021-11-01,0.0
2021-11-02,0.0
2021-11-03,0.0
2021-11-04,0.0
2021-11-05,0.0
2021-11-06,0.0
2021-11-07,0.0
2021-11-08,0.0
2021-11-09,0.0
2021-11-10,0.0
2021-11-11,0.0
2021-11-12,0.0
2021-11-13,0.0
2021-11-14,0.0
2021-11-15,0.0
2021-11-16,0.0
2021-11-17,0.0
2021-11-18,0.0
2021-11-19,0.0
2021-11-20,0.0
2021-11-21,0.0
2021-11-22,0.0
2021-11-23,0.0
2021-11-24,0.0
2021-11-25,15.0
2021-11-26,49.0
2021-11-27,2.0
2021-11-28,0.0
2021-11-29,41.0
2021-11-30,34.0
2021-12-01,22.0
2021-12-02,19.0
2021-12-03,20.0
2021-12-04,11.0
2021-12-05,0.0
2021-12-06,24.0
2021-12-07,23.0
2021-12-08,24.0
2021-12-09,27.0
2021-12-10,4.0
2021-12-11,13.0
2021-12-12,0.0
2021-12-13,17.0
2021-12-14,15.0
2021-12-15,19.0
2021-12-16,11.0
2021-12-17,10.0
2021-12-18,0.0
2021-12-19,0.0
2021-12-20,11.0
2021-12-21,15.0
2021-12-22,16.0
2021-12-23,12.0
2021-12-24,5.0
2021-12-25,0.0
2021-12-26,0.0
2021-12-27,9.0
2021-12-28,9.0
2021-12-29,9.0
2021-12-30,10.0
2021-12-31,2.0
2022-01-01,0.0
2022-01-02,0.0
2022-01-03,11.0
2022-01-04,13.0
2022-01-05,15.0
2022-01-06,13.0
2022-01-07,9.0
2022-01-08,2.0
2022-01-09,0.0
2022-01-10,14.0
2022-01-11,15.0
2022-01-12,14.0
2022-01-13,20.0
2022-01-14,14.0
2022-01-15,5.0
2022-01-16,0.0
2022-01-17,18.0
2022-01-18,18.0
2022-01-19,16.0
2022-01-20,19.0
2022-01-21,16.0
2022-01-22,2.0
2022-01-23,0.0
2022-01-24,15.0
2022-01-25,17.0
2022-01-26,16.0
2022-01-27,18.0
2022-01-28,17.0
2022-01-29,10.0
2022-01-30,9.0
2022-01-31,23.0
2022-02-01,19.0
2022-02-02,24.0
2022-02-03,24.0
2022-02-04,19.0
2022-02-05,16.0
2022-02-06,16.0
2022-02-07,25.0
2022-02-08,22.0
2022-02-09,16.0
2022-02-10,19.0
2022-02-11,17.0
2022-02-12,2.0
2022-02-13,0.0
2022-02-14,21.0
2022-02-15,22.0
2022-02-16,25.0
2022-02-17,21.0
2022-02-18,9.0
2022-02-19,0.0
2022-02-20,6.0
2022-02-21,54.0
2022-02-22,54.0
2022-02-23,54.0
2022-02-24,55.0
2022-02-25,35.0
2022-02-26,2.0
2022-02-27,0.0
2022-02-28,20.0
2022-03-01,20.0
2022-03-02,18.0
2022-03-03,19.0
2022-03-04,15.0
2022-03-05,0.0
2022-03-06,0.0
2022-03-07,14.0
2022-03-08,20.0
2022-03-09,16.0
2022-03-10,18.0
2022-03-11,15.0
2022-03-12,0.0
2022-03-13,0.0
2022-03-14,16.0
2022-03-15,20.0
2022-03-16,20.0
2022-03-17,20.0
2022-03-18,14.0
2022-03-19,0.0
2022-03-20,0.0
2022-03-21,22.0
2022-03-22,19.0
2022-03-23,21.0
2022-03-24,21.0
2022-03-25,17.0
2022-03-26,3.0
2022-03-27,0.0
2022-03-28,19.0
2022-03-29,22.0
2022-03-30,23.0
2022-03-31,24.0
2022-04-01,18.0
2022-04-02,1.0
2022-04-03,0.0
2022-04-04,20.0
2022-04-05,20.0
2022-04-06,21.0
2022-04-07,24.0
2022-04-08,14.0
2022-04-09,0.0
2022-04-10,4.0
2022-04-11,20.0
2022-04-12,20.0
2022-04-13,23.0
2022-04-14,20.0
2022-04-15,7.0
2022-04-16,0.0
2022-04-17,0.0
2022-04-18,0.0
2022-04-19,20.0
2022-04-20,26.0
2022-04-21,27.0
2022-04-22,20.0
2022-04-23,0.0
2022-04-24,0.0
2022-04-25,23.0
2022-04-26,25.0
2022-04-27,0.0
2022-04-28,23.0
2022-04-29,24.0
2022-04-30,0.0
2022-05-01,0.0
2022-05-02,22.0
2022-05-03,23.0
2022-05-04,26.0
2022-05-05,24.0
2022-05-06,23.0
2022-05-07,0.0
2022-05-08,0.0
2022-05-09,28.0
2022-05-10,26.0
2022-05-11,25.0
2022-05-12,27.0
2022-05-13,24.0
2022-05-14,0.0
2022-05-15,0.0
2022-05-16,27.0
2022-05-17,26.0
2022-05-18,27.0
2022-05-19,24.0
2022-05-20,22.0
2022-05-21,0.0
2022-05-22,0.0
2022-05-23,21.0
2022-05-24,20.0
2022-05-25,22.0
2022-05-26,0.0
2022-05-27,10.0
2022-05-28,0.0
2022-05-29,0.0
2022-05-30,21.0
2022-05-31,21.0
2022-06-01,23.0
2022-06-02,23.0
2022-06-03,15.0
2022-06-04,0.0
2022-06-05,0.0
2022-06-06,0.0
2022-06-07,24.0
2022-06-08,21.0
2022-06-09,19.0
2022-06-10,18.0
2022-06-11,0.0
2022-06-12,0.0
2022-06-13,21.0
2022-06-14,21.0
2022-06-15,21.0
2022-06-16,21.0
2022-06-17,18.0
2022-06-18,0.0
2022-06-19,0.0
2022-06-20,20.0
2022-06-21,20.0
2022-06-22,21.0
2022-06-23,20.0
2022-06-24,18.0
2022-06-25,0.0
2022-06-26,0.0
2022-06-27,20.0
2022-06-28,28.0
2022-06-29,26.0
2022-06-30,25.0
2022-07-01,15.0
2022-07-02,0.0
2022-07-03,0.0
2022-07-04,19.0
2022-07-05,20.0
2022-07-06,20.0
2022-07-07,20.0
2022-07-08,18.0
2022-07-09,0.0
2022-07-10,0.0
2022-07-11,25.0
2022-07-12,28.0
2022-07-13,27.0
2022-07-14,27.0
2022-07-15,21.0
2022-07-16,0.0
2022-07-17,0.0
2022-07-18,27.0
2022-07-19,26.0
2022-07-20,27.0
2022-07-21,25.0
2022-07-22,21.0
2022-07-23,0.0
2022-07-24,0.0
2022-07-25,24.0
2022-07-26,21.0
2022-07-27,19.0
2022-07-28,16.0
2022-07-29,12.0
2022-07-30,0.0
2022-07-31,0.0
2022-08-01,18.0
2022-08-02,19.0
2022-08-03,16.0
2022-08-04,18.0
2022-08-05,15.0
2022-08-06,0.0
2022-08-07,0.0
2022-08-08,17.0
2022-08-09,18.0
2022-08-10,18.0
2022-08-11,18.0
2022-08-12,13.0
2022-08-13,0.0
2022-08-14,0.0
2022-08-15,19.0
2022-08-16,17.0
2022-08-17,17.0
2022-08-18,17.0
2022-08-19,12.0
2022-08-20,0.0
2022-08-21,0.0
2022-08-22,18.0
2022-08-23,20.0
2022-08-24,19.0
2022-08-25,20.0
2022-08-26,14.0
2022-08-27,0.0
2022-08-28,0.0
2022-08-29,19.0
2022-08-30,20.0
2022-08-31,21.0
2022-09-01,20.0
2022-09-02,17.0
2022-09-03,0.0
2022-09-04,0.0
2022-09-05,21.0
2022-09-06,21.0
2022-09-07,20.0
2022-09-08,21.0
2022-09-09,18.0
2022-09-10,0.0
2022-09-11,0.0
2022-09-12,20.0
2022-09-13,20.0
2022-09-14,17.0
2022-09-15,21.0
2022-09-16,18.0
2022-09-17,0.0
2022-09-18,0.0
2022-09-19,20.0
2022-09-20,21.0
2022-09-21,21.0
2022-09-22,19.0
2022-09-23,18.0
2022-09-24,0.0
2022-09-25,0.0
2022-09-26,21.0
2022-09-27,22.0
2022-09-28,20.0
2022-09-29,22.0
2022-09-30,18.0
2022-10-01,0.0
2022-10-02,0.0
2022-10-03,23.0
2022-10-04,24.0
2022-10-05,25.0
2022-10-06,25.0
2022-10-07,26.0
2022-10-08,0.0
2022-10-09,0.0
2022-10-10,26.0
2022-10-11,29.0
2022-10-12,27.0
2022-10-13,30.0
2022-10-14,23.0
2022-10-15,0.0
2022-10-16,0.0
2022-10-17,27.0
2022-10-18,27.0
2022-10-19,26.0
2022-10-20,28.0
2022-10-21,23.0
2022-10-22,0.0
2022-10-23,0.0
2022-10-24,27.0
2022-10-25,27.0
2022-10-26,28.0
2022-10-27,28.0
2022-10-28,26.0
2022-10-29,3.0
2022-10-30,0.0
2022-10-31,28.0
2022-11-01,27.0
2022-11-02,27.0
2022-11-03,29.0
2022-11-04,25.0
2022-11-05,0.0
2022-11-06,0.0
2022-11-07,27.0
2022-11-08,29.0
2022-11-09,28.0
2022-11-10,27.0
2022-11-11,23.0
2022-11-12,2.0
2022-11-13,0.0
2022-11-14,30.0
2022-11-15,27.0
2022-11-16,20.0
2022-11-17,25.0
2022-11-18,19.0
2022-11-19,1.0
2022-11-20,0.0
2022-11-21,25.0
2022-11-22,26.0
2022-11-23,25.0
2022-11-24,26.0
2022-11-25,22.0
2022-11-26,5.0
2022-11-27,0.0
2022-11-28,24.0
2022-11-29,26.0
2022-11-30,25.0
2022-12-01,25.0
2022-12-02,20.0
2022-12-03,0.0
2022-12-04,0.0
2022-12-05,27.0
2022-12-06,27.0
2022-12-07,26.0
2022-12-08,28.0
2022-12-09,23.0
2022-12-10,2.0
2022-12-11,0.0
2022-12-12,24.0
2022-12-13,29.0
2022-12-14,25.0
2022-12-15,27.0
2022-12-16,23.0
2022-12-17,0.0
2022-12-18,0.0
2022-12-19,28.0
2022-12-20,26.0
2022-12-21,24.0
2022-12-22,25.0
2022-12-23,17.0
2022-12-24,0.0
2022-12-25,0.0
2022-12-26,0.0
2022-12-27,18.0
2022-12-28,19.0
2022-12-29,15.0
2022-12-30,6.0
2022-12-31,0.0
2023-01-01,0.0
2023-01-02,18.0
2023-01-03,20.0
2023-01-04,22.0
2023-01-05,22.0
2023-01-06,19.0
2023-01-07,0.0
2023-01-08,0.0
2023-01-09,24.0
2023-01-10,25.0
2023-01-11,25.0
2023-01-12,27.0
2023-01-13,22.0
2023-01-14,0.0
2023-01-15,0.0
2023-01-16,26.0
2023-01-17,26.0
2023-01-18,26.0
2023-01-19,27.0
2023-01-20,21.0
2023-01-21,0.0
2023-01-22,0.0
2023-01-23,26.0
2023-01-24,25.0
2023-01-25,26.0
2023-01-26,26.0
2023-01-27,22.0
2023-01-28,0.0
2023-01-29,0.0
2023-01-30,23.0
2023-01-31,26.0
2023-02-01,26.0
2023-02-02,26.0
2023-02-03,22.0
2023-02-04,3.0
2023-02-05,0.0
2023-02-06,25.0
2023-02-07,25.0
2023-02-08,24.0
2023-02-09,26.0
2023-02-10,21.0
2023-02-11,0.0
2023-02-12,0.0
2023-02-13,26.0
2023-02-14,25.0
2023-02-15,24.0
2023-02-16,28.0
2023-02-17,24.0
2023-02-18,0.0
2023-02-19,0.0
2023-02-20,25.0
2023-02-21,25.0
2023-02-22,25.0
2023-02-23,25.0
2023-02-24,19.0
2023-02-25,0.0
2023-02-26,0.0
2023-02-27,23.0
2023-02-28,24.0
2023-03-01,24.0
2023-03-02,24.0
2023-03-03,19.0
2023-03-04,0.0
2023-03-05,0.0
2023-03-06,26.0
2023-03-07,24.0
2023-03-08,26.0
2023-03-09,25.0
2023-03-10,24.0
2023-03-11,0.0
2023-03-12,0.0
2023-03-13,26.0
2023-03-14,26.0
2023-03-15,23.0
2023-03-16,26.0
2023-03-17,21.0
2023-03-18,0.0
2023-03-19,0.0
2023-03-20,24.0
2023-03-21,24.0
2023-03-22,25.0
2023-03-23,27.0
2023-03-24,22.0
2023-03-25,0.0
2023-03-26,0.0
2023-03-27,24.0
2023-03-28,22.0
2023-03-29,24.0
2023-03-30,24.0
2023-03-31,21.0
2023-04-01,0.0
2023-04-02,0.0
2023-04-03,24.0
2023-04-04,25.0
2023-04-05,24.0
2023-04-06,26.0
2023-04-07,10.0
2023-04-08,0.0
2023-04-09,0.0
2023-04-10,0.0
2023-04-11,23.0
2023-04-12,25.0
2023-04-13,25.0
2023-04-14,20.0
2023-04-15,0.0
2023-04-16,0.0
2023-04-17,25.0
2023-04-18,24.0
2023-04-19,25.0
2023-04-20,25.0
2023-04-21,23.0
2023-04-22,0.0
2023-04-23,0.0
2023-04-24,27.0
2023-04-25,27.0
2023-04-26,25.0
2023-04-27,0.0
2023-04-28,15.0
2023-04-29,0.0
2023-04-30,0.0
2023-05-01,26.0
2023-05-02,26.0
2023-05-03,25.0
2023-05-04,26.0
2023-05-05,19.0
2023-05-06,0.0
2023-05-07,0.0
2023-05-08,28.0
2023-05-09,28.0
2023-05-10,22.0
2023-05-11,25.0
2023-05-12,24.0
2023-05-13,0.0
2023-05-14,0.0
2023-05-15,26.0
2023-05-16,28.0
2023-05-17,26.0
2023-05-18,0.0
2023-05-19,14.0
2023-05-20,0.0
2023-05-21,0.0
2023-05-22,27.0
2023-05-23,26.0
2023-05-24,26.0
2023-05-25,26.0
2023-05-26,21.0
2023-05-27,0.0
2023-05-28,0.0
2023-05-29,0.0
2023-05-30,26.0
2023-05-31,26.0
2023-06-01,26.0
2023-06-02,22.0
2023-06-03,0.0
2023-06-04,0.0
2023-06-05,25.0
2023-06-06,26.0
2023-06-07,28.0
2023-06-08,26.0
2023-06-09,22.0
2023-06-10,0.0
2023-06-11,0.0
2023-06-12,27.0
2023-06-13,28.0
2023-06-14,26.0
2023-06-15,28.0
2023-06-16,24.0
2023-06-17,0.0
2023-06-18,0.0
2023-06-19,29.0
2023-06-20,28.0
2023-06-21,27.0
2023-06-22,27.0
2023-06-23,23.0
2023-06-24,0.0
2023-06-25,0.0
2023-06-26,27.0
2023-06-27,28.0
2023-06-28,28.0
2023-06-29,26.0
2023-06-30,24.0
2023-07-01,0.0
2023-07-02,0.0
2023-07-03,28.0
2023-07-04,28.0
2023-07-05,26.0
2023-07-06,28.0
2023-07-07,24.0
2023-07-08,0.0
2023-07-09,0.0
2023-07-10,27.0
2023-07-11,27.0
2023-07-12,28.0
2023-07-13,27.0
2023-07-14,23.0
2023-07-15,0.0
2023-07-16,0.0
2023-07-17,26.0
2023-07-18,27.0
2023-07-19,26.0
2023-07-20,26.0
2023-07-21,20.0
2023-07-22,0.0
2023-07-23,0.0
2023-07-24,27.0
2023-07-25,28.0
2023-07-26,24.0
2023-07-27,27.0
2023-07-28,17.0
2023-07-29,0.0
2023-07-30,0.0
2023-07-31,26.0
2023-08-01,32.0
2023-08-02,26.0
2023-08-03,27.0
2023-08-04,21.0
2023-08-05,0.0
2023-08-06,0.0
2023-08-07,25.0
2023-08-08,27.0
2023-08-09,23.0
2023-08-10,27.0
2023-08-11,15.0
2023-08-12,0.0
2023-08-13,0.0
2023-08-14,27.0
2023-08-15,27.0
2023-08-16,25.0
2023-08-17,27.0
2023-08-18,19.0
2023-08-19,0.0
2023-08-20,0.0
2023-08-21,24.0
2023-08-22,27.0
2023-08-23,27.0
2023-08-24,26.0
2023-08-25,23.0
2023-08-26,0.0
2023-08-27,0.0
2023-08-28,26.0
2023-08-29,29.0
2023-08-30,30.0
2023-08-31,31.0
2023-09-01,27.0
2023-09-02,0.0
2023-09-03,0.0
2023-09-04,27.0
2023-09-05,28.0
2023-09-06,28.0
2023-09-07,29.0
2023-09-08,22.0
2023-09-09,0.0
2023-09-10,0.0
2023-09-11,28.0
2023-09-12,27.0
2023-09-13,29.0
2023-09-14,28.0
2023-09-15,23.0
2023-09-16,0.0
2023-09-17,0.0
2023-09-18,27.0
2023-09-19,30.0
2023-09-20,31.0
2023-09-21,27.0
2023-09-22,24.0
2023-09-23,0.0
2023-09-24,0.0
2023-09-25,26.0
2023-09-26,28.0
2023-09-27,28.0
2023-09-28,27.0
2023-09-29,22.0
2023-09-30,0.0
2023-10-01,0.0
2023-10-02,29.0
2023-10-03,30.0
2023-10-04,28.0
2023-10-05,26.0
2023-10-06,23.0
2023-10-07,0.0
2023-10-08,0.0
2023-10-09,29.0
2023-10-10,29.0
2023-10-11,28.0
2023-10-12,28.0
2023-10-13,20.0
2023-10-14,0.0
2023-10-15,0.0
2023-10-16,27.0
2023-10-17,25.0
2023-10-18,27.0
2023-10-19,29.0
2023-10-20,26.0
2023-10-21,0.0
2023-10-22,0.0
2023-10-23,28.0
2023-10-24,29.0
2023-10-25,28.0
2023-10-26,29.0
2023-10-27,22.0
2023-10-28,0.0
2023-10-29,0.0
2023-10-30,30.0
2023-10-31,30.0
2023-11-01,28.0
2023-11-02,29.0
2023-11-03,26.0
2023-11-04,0.0
2023-11-05,0.0
2023-11-06,28.0
2023-11-07,30.0
2023-11-08,29.0
2023-11-09,28.0
2023-11-10,24.0
2023-11-11,0.0
2023-11-12,0.0
2023-11-13,30.0
2023-11-14,31.0
2023-11-15,29.0
2023-11-16,28.0
2023-11-17,26.0
2023-11-18,0.0
2023-11-19,0.0
2023-11-20,29.0
2023-11-21,27.0
2023-11-22,28.0
2023-11-23,27.0
2023-11-24,23.0
2023-11-25,0.0
2023-11-26,0.0
2023-11-27,29.0
2023-11-28,30.0
2023-11-29,28.0
2023-11-30,20.0
2023-12-01,24.0
2023-12-02,0.0
2023-12-03,0.0
2023-12-04,29.0
2023-12-05,29.0
2023-12-06,30.0
2023-12-07,28.0
2023-12-08,23.0
2023-12-09,0.0
2023-12-10,0.0
2023-12-11,29.0
2023-12-12,29.0
2023-12-13,28.0
2023-12-14,27.0
2023-12-15,23.0
2023-12-16,0.0
2023-12-17,0.0
2023-12-18,28.0
2023-12-19,27.0
2023-12-20,24.0
2023-12-21,27.0
2023-12-22,20.0
2023-12-23,3.0
2023-12-24,3.0
2023-12-25,0.0
2023-12-26,1.0
2023-12-27,17.0
2023-12-28,20.0
2023-12-29,10.0
2023-12-30,0.0
2023-12-31,0.0
2024-01-01,0.0
2024-01-02,24.0
2024-01-03,26.0
2024-01-04,24.0
2024-01-05,21.0
2024-01-06,0.0
2024-01-07,0.0
2024-01-08,27.0
2024-01-09,27.0
2024-01-10,28.0
2024-01-11,27.0
2024-01-12,25.0
2024-01-13,1.0
2024-01-14,0.0
2024-01-15,28.0
2024-01-16,28.0
2024-01-17,27.0
2024-01-18,29.0
2024-01-19,22.0
2024-01-20,1.0
2024-01-21,0.0
2024-01-22,6.0
2024-01-23,29.0
2024-01-24,27.0
2024-01-25,29.0
2024-01-26,24.0
2024-01-27,0.0
2024-01-28,0.0
2024-01-29,29.0
2024-01-30,29.0
2024-01-31,29.0
2024-02-01,28.0
2024-02-02,25.0
2024-02-03,0.0
2024-02-04,2.0
2024-02-05,27.0
2024-02-06,29.0
2024-02-07,29.0
2024-02-08,29.0
2024-02-09,25.0
2024-02-10,0.0
2024-02-11,0.0
2024-02-12,27.0
2024-02-13,28.0
2024-02-14,27.0
2024-02-15,30.0
2024-02-16,23.0
2024-02-17,0.0
2024-02-18,0.0
2024-02-19,26.0
2024-02-20,27.0
2024-02-21,17.0
2024-02-22,29.0
2024-02-23,23.0
2024-02-24,0.0
2024-02-25,0.0
2024-02-26,26.0
2024-02-27,28.0
2024-02-28,28.0
2024-02-29,28.0
2024-03-01,26.0
2024-03-02,0.0
2024-03-03,0.0
2024-03-04,28.0
2024-03-05,27.0
2024-03-06,28.0
2024-03-07,28.0
2024-03-08,27.0
2024-03-09,0.0
2024-03-10,0.0
2024-03-11,28.0
2024-03-12,29.0
2024-03-13,27.0
2024-03-14,29.0
2024-03-15,23.0
2024-03-16,0.0
2024-03-17,0.0
2024-03-18,27.0
2024-03-19,28.0
2024-03-20,27.0
2024-03-21,28.0
2024-03-22,24.0
2024-03-23,0.0
2024-03-24,0.0
2024-03-25,27.0
2024-03-26,29.0
2024-03-27,28.0
2024-03-28,28.0
2024-03-29,12.0
2024-03-30,0.0
2024-03-31,0.0
2024-04-01,0.0
2024-04-02,28.0
2024-04-03,28.0
2024-04-04,27.0
2024-04-05,25.0
2024-04-06,0.0
2024-04-07,0.0
2024-04-08,28.0
2024-04-09,29.0
2024-04-10,28.0
2024-04-11,27.0
2024-04-12,25.0
2024-04-13,0.0
2024-04-14,0.0
2024-04-15,28.0
2024-04-16,27.0
2024-04-17,28.0
2024-04-18,26.0
2024-04-19,24.0
2024-04-20,0.0
2024-04-21,0.0
2024-04-22,26.0
2024-04-23,28.0
2024-04-24,26.0
2024-04-25,27.0
2024-04-26,24.0
2024-04-27,0.0
2024-04-28,0.0
2024-04-29,26.0
2024-04-30,28.0
2024-05-01,26.0
2024-05-02,28.0
2024-05-03,22.0
2024-05-04,0.0
2024-05-05,0.0
2024-05-06,27.0
2024-05-07,28.0
2024-05-08,28.0
2024-05-09,0.0
2024-05-10,17.0
2024-05-11,0.0
2024-05-12,0.0
2024-05-13,23.0
2024-05-14,29.0
2024-05-15,29.0
2024-05-16,29.0
2024-05-17,23.0
2024-05-18,0.0
2024-05-19,0.0
2024-05-20,0.0
2024-05-21,27.0
2024-05-22,28.0
2024-05-23,31.0
2024-05-24,24.0
2024-05-25,0.0
2024-05-26,0.0
2024-05-27,24.0
2024-05-28,28.0
2024-05-29,27.0
2024-05-30,28.0
2024-05-31,26.0
2024-06-01,0.0
2024-06-02,0.0
2024-06-03,26.0
2024-06-04,27.0
2024-06-05,29.0
2024-06-06,27.0
2024-06-07,24.0
2024-06-08,0.0
2024-06-09,0.0
2024-06-10,29.0
2024-06-11,28.0
2024-06-12,26.0
2024-06-13,29.0
2024-06-14,24.0
2024-06-15,0.0
2024-06-16,0.0
2024-06-17,28.0
2024-06-18,28.0
2024-06-19,27.0
2024-06-20,29.0
2024-06-21,24.0
2024-06-22,0.0
2024-06-23,0.0
2024-06-24,27.0
2024-06-25,27.0
2024-06-26,27.0
2024-06-27,29.0
2024-06-28,23.0
2024-06-29,0.0
2024-06-30,0.0
2024-07-01,28.0
2024-07-02,27.0
2024-07-03,28.0
2024-07-04,29.0
2024-07-05,23.0
2024-07-06,0.0
2024-07-07,0.0
2024-07-08,27.0
2024-07-09,28.0
2024-07-10,29.0
2024-07-11,29.0
2024-07-12,22.0
2024-07-13,0.0
2024-07-14,0.0
2024-07-15,28.0
2024-07-16,28.0
2024-07-17,26.0
2024-07-18,27.0
2024-07-19,23.0
2024-07-20,0.0
2024-07-21,0.0
2024-07-22,25.0
2024-07-23,26.0
2024-07-24,27.0
2024-07-25,28.0
2024-07-26,21.0
2024-07-27,0.0
2024-07-28,1.0
2024-07-29,26.0
2024-07-30,27.0
2024-07-31,23.0
2024-08-01,26.0
2024-08-02,14.0
2024-08-03,0.0
2024-08-04,0.0
2024-08-05,26.0
2024-08-06,27.0
2024-08-07,22.0
2024-08-08,27.0
2024-08-09,16.0
2024-08-10,0.0
2024-08-11,1.0
2024-08-12,26.0
2024-08-13,26.0
2024-08-14,27.0
2024-08-15,26.0
2024-08-16,21.0
2024-08-17,0.0
2024-08-18,0.0
2024-08-19,27.0
2024-08-20,29.0
2024-08-21,26.0
2024-08-22,27.0
2024-08-23,21.0
2024-08-24,0.0
2024-08-25,0.0
2024-08-26,27.0
2024-08-27,30.0
2024-08-28,27.0
2024-08-29,28.0
2024-08-30,25.0
2024-08-31,0.0
2024-09-01,0.0
2024-09-02,27.0
2024-09-03,28.0
2024-09-04,29.0
2024-09-05,28.0
2024-09-06,25.0
2024-09-07,0.0
2024-09-08,0.0
2024-09-09,29.0
2024-09-10,29.0
2024-09-11,28.0
2024-09-12,29.0
2024-09-13,23.0
2024-09-14,0.0
2024-09-15,0.0
2024-09-16,27.0
2024-09-17,27.0
2024-09-18,26.0
2024-09-19,28.0
2024-09-20,24.0
2024-09-21,0.0
2024-09-22,0.0
2024-09-23,28.0
2024-09-24,29.0
2024-09-25,26.0
2024-09-26,29.0
2024-09-27,20.0
2024-09-28,0.0
2024-09-29,0.0
2024-09-30,27.0
2024-10-01,29.0
2024-10-02,26.0
2024-10-03,27.0
2024-10-04,24.0
2024-10-05,1.0
2024-10-06,0.0
2024-10-07,28.0
2024-10-08,28.0
2024-10-09,29.0
2024-10-10,28.0
2024-10-11,22.0
2024-10-12,0.0
2024-10-13,0.0
2024-10-14,28.0
2024-10-15,29.0
2024-10-16,27.0
2024-10-17,29.0
2024-10-18,24.0
2024-10-19,0.0
2024-10-20,0.0
2024-10-21,29.0
2024-10-22,28.0
2024-10-23,28.0
2024-10-24,29.0
2024-10-25,24.0
2024-10-26,2.0
2024-10-27,1.0
2024-10-28,27.0
2024-10-29,28.0
2024-10-30,27.0
2024-10-31,28.0
2024-11-01,24.0
2024-11-02,1.0
2024-11-03,1.0
2024-11-04,27.0
2024-11-05,30.0
2024-11-06,27.0
2024-11-07,29.0
2024-11-08,23.0
2024-11-09,2.0
2024-11-10,0.0
2024-11-11,26.0
2024-11-12,29.0
2024-11-13,20.0
2024-11-14,28.0
2024-11-15,21.0
2024-11-16,1.0
2024-11-17,0.0
2024-11-18,26.0
2024-11-19,27.0
2024-11-20,27.0
2024-11-21,27.0
2024-11-22,22.0
2024-11-23,0.0
2024-11-24,0.0
2024-11-25,28.0
2024-11-26,28.0
2024-11-27,28.0
2024-11-28,28.0
2024-11-29,23.0
2024-11-30,0.0
2024-12-01,0.0
2024-12-02,29.0
2024-12-03,28.0
2024-12-04,28.0
2024-12-05,28.0
2024-12-06,26.0
2024-12-07,0.0
2024-12-08,0.0
2024-12-09,28.0
2024-12-10,29.0
2024-12-11,27.0
2024-12-12,29.0
2024-12-13,23.0
2024-12-14,0.0
2024-12-15,0.0
2024-12-16,27.0
2024-12-17,27.0
2024-12-18,27.0
2024-12-19,27.0
2024-12-20,22.0
2024-12-21,0.0
2024-12-22,0.0
2024-12-23,20.0
2024-12-24,14.0
2024-12-25,0.0
2024-12-26,0.0
2024-12-27,7.0
2024-12-28,0.0
2024-12-29,0.0
2024-12-30,20.0
2024-12-31,9.0
2025-01-01,0.0
2025-01-02,20.0
2025-01-03,17.0
2025-01-04,1.0
2025-01-05,0.0
2025-01-06,28.0
2025-01-07,28.0
2025-01-08,28.0
2025-01-09,30.0
2025-01-10,21.0
2025-01-11,0.0
2025-01-12,0.0
2025-01-13,28.0
2025-01-14,32.0
2025-01-15,29.0
2025-01-16,28.0
2025-01-17,26.0
2025-01-18,0.0
2025-01-19,0.0
2025-01-20,29.0
2025-01-21,30.0
2025-01-22,30.0
2025-01-23,32.0
2025-01-24,26.0
2025-01-25,0.0
2025-01-26,0.0
2025-01-27,28.0
2025-01-28,29.0
2025-01-29,29.0
2025-01-30,29.0
2025-01-31,25.0
2025-02-01,0.0
2025-02-02,0.0
2025-02-03,29.0
2025-02-04,29.0
2025-02-05,28.0
2025-02-06,30.0
2025-02-07,23.0
2025-02-08,0.0
2025-02-09,0.0
2025-02-10,27.0
2025-02-11,30.0
2025-02-12,28.0
2025-02-13,29.0
2025-02-14,23.0
2025-02-15,3.0
2025-02-16,5.0
2025-02-17,28.0
2025-02-18,28.0
2025-02-19,29.0
2025-02-20,29.0
2025-02-21,25.0
2025-02-22,0.0
2025-02-23,0.0
2025-02-24,29.0
2025-02-25,29.0
2025-02-26,30.0
2025-02-27,31.0
2025-02-28,23.0
2025-03-01,0.0
2025-03-02,0.0
2025-03-03,29.0
2025-03-04,30.0
2025-03-05,30.0
2025-03-06,29.0
2025-03-07,26.0
2025-03-08,0.0
2025-03-09,0.0
2025-03-10,29.0
2025-03-11,30.0
2025-03-12,29.0
2025-03-13,29.0
2025-03-14,26.0
2025-03-15,0.0
2025-03-16,0.0
2025-03-17,28.0
2025-03-18,29.0
2025-03-19,29.0
2025-03-20,31.0
2025-03-21,26.0
2025-03-22,0.0
2025-03-23,0.0
2025-03-24,28.0
2025-03-25,29.0
2025-03-26,27.0
2025-03-27,31.0
2025-03-28,26.0
2025-03-29,0.0
2025-03-30,0.0
2025-03-31,27.0
2025-04-01,30.0
2025-04-02,29.0
2025-04-03,30.0
2025-04-04,25.0
2025-04-05,0.0
2025-04-06,0.0
2025-04-07,29.0
2025-04-08,28.0
2025-04-09,29.0
2025-04-10,29.0
2025-04-11,26.0
2025-04-12,0.0
2025-04-13,0.0
2025-04-14,30.0
2025-04-15,31.0
2025-04-16,28.0
2025-04-17,28.0
2025-04-18,14.0
2025-04-19,1.0
2025-04-20,0.0
2025-04-21,0.0
2025-04-22,27.0
2025-04-23,28.0
2025-04-24,29.0
2025-04-25,21.0
2025-04-26,0.0
2025-04-27,0.0
2025-04-28,31.0
2025-04-29,34.0
2025-04-30,32.0
2025-05-01,28.0
2025-05-02,20.0
2025-05-03,0.0
2025-05-04,0.0
2025-05-05,10.0
2025-05-06,30.0
2025-05-07,30.0
2025-05-08,31.0
2025-05-09,26.0
2025-05-10,0.0
2025-05-11,0.0
2025-05-12,30.0
2025-05-13,29.0
2025-05-14,28.0
2025-05-15,29.0
2025-05-16,23.0
2025-05-17,0.0
2025-05-18,0.0
2025-05-19,31.0
2025-05-20,29.0
2025-05-21,29.0
2025-05-22,29.0
2025-05-23,25.0
2025-05-24,0.0
2025-05-25,0.0
2025-05-26,28.0
2025-05-27,30.0
2025-05-28,29.0
2025-05-29,0.0
2025-05-30,17.0
2025-05-31,0.0
2025-06-01,0.0
2025-06-02,29.0
2025-06-03,30.0
2025-06-04,27.0
