timestamp,Toevoer keuken
2021-07-07,0.0
2021-07-08,0.0
2021-07-09,0.0
2021-07-10,0.0
2021-07-11,0.0
2021-07-12,0.0
2021-07-13,0.0
2021-07-14,0.0
2021-07-15,0.0
2021-07-16,0.0
2021-07-17,0.0
2021-07-18,0.0
2021-07-19,0.0
2021-07-20,0.0
2021-07-21,0.0
2021-07-22,0.0
2021-07-23,0.0
2021-07-24,0.0
2021-07-25,0.0
2021-07-26,0.0
2021-07-27,0.0
2021-07-28,0.0
2021-07-29,0.0
2021-07-30,0.0
2021-07-31,0.0
2021-08-01,0.0
2021-08-02,0.0
2021-08-03,0.0
2021-08-04,0.0
2021-08-05,0.0
2021-08-06,0.0
2021-08-07,0.0
2021-08-08,0.0
2021-08-09,0.0
2021-08-10,0.0
2021-08-11,0.0
2021-08-12,0.0
2021-08-13,0.0
2021-08-14,0.0
2021-08-15,0.0
2021-08-16,0.0
2021-08-17,0.0
2021-08-18,0.0
2021-08-19,0.0
2021-08-20,0.0
2021-08-21,0.0
2021-08-22,0.0
2021-08-23,0.0
2021-08-24,0.0
2021-08-25,0.0
2021-08-26,0.0
2021-08-27,0.0
2021-08-28,0.0
2021-08-29,0.0
2021-08-30,0.0
2021-08-31,0.0
2021-09-01,0.0
2021-09-02,0.0
2021-09-03,0.0
2021-09-04,0.0
2021-09-05,0.0
2021-09-06,0.0
2021-09-07,0.0
2021-09-08,0.0
2021-09-09,0.0
2021-09-10,0.0
2021-09-11,0.0
2021-09-12,0.0
2021-09-13,0.0
2021-09-14,0.0
2021-09-15,0.0
2021-09-16,0.0
2021-09-17,0.0
2021-09-18,0.0
2021-09-19,0.0
2021-09-20,0.0
2021-09-21,0.0
2021-09-22,0.0
2021-09-23,0.0
2021-09-24,0.0
2021-09-25,0.0
2021-09-26,0.0
2021-09-27,0.0
2021-09-28,0.0
2021-09-29,0.0
2021-09-30,0.0
2021-10-01,0.0
2021-10-02,0.0
2021-10-03,0.0
2021-10-04,0.0
2021-10-05,0.0
2021-10-06,0.0
2021-10-07,0.0
2021-10-08,0.0
2021-10-09,0.0
2021-10-10,0.0
2021-10-11,0.0
2021-10-12,0.0
2021-10-13,0.0
2021-10-14,0.0
2021-10-15,0.0
2021-10-16,0.0
2021-10-17,0.0
2021-10-18,0.0
2021-10-19,0.0
2021-10-20,0.0
2021-10-21,0.0
2021-10-22,0.0
2021-10-23,0.0
2021-10-24,0.0
2021-10-25,0.0
2021-10-26,0.0
2021-10-27,0.0
2021-10-28,0.0
2021-10-29,0.0
2021-10-30,0.0
2021-10-31,0.0
2021-11-01,0.0
2021-11-02,0.0
2021-11-03,0.0
2021-11-04,0.0
2021-11-05,0.0
2021-11-06,0.0
2021-11-07,0.0
2021-11-08,0.0
2021-11-09,0.0
2021-11-10,0.0
2021-11-11,0.0
2021-11-12,0.0
2021-11-13,0.0
2021-11-14,0.0
2021-11-15,0.0
2021-11-16,0.0
2021-11-17,0.0
2021-11-18,0.0
2021-11-19,0.0
2021-11-20,0.0
2021-11-21,0.0
2021-11-22,0.0
2021-11-23,0.0
2021-11-24,0.0
2021-11-25,0.0
2021-11-26,0.0
2021-11-27,0.0
2021-11-28,0.0
2021-11-29,0.0
2021-11-30,0.0
2021-12-01,0.0
2021-12-02,0.0
2021-12-03,0.0
2021-12-04,0.0
2021-12-05,0.0
2021-12-06,0.0
2021-12-07,0.0
2021-12-08,0.0
2021-12-09,0.0
2021-12-10,0.0
2021-12-11,0.0
2021-12-12,0.0
2021-12-13,0.0
2021-12-14,0.0
2021-12-15,0.0
2021-12-16,0.0
2021-12-17,0.0
2021-12-18,0.0
2021-12-19,0.0
2021-12-20,0.0
2021-12-21,0.0
2021-12-22,5.0
2021-12-23,0.0
2021-12-24,0.0
2021-12-25,0.0
2021-12-26,0.0
2021-12-27,0.0
2021-12-28,0.0
2021-12-29,0.0
2021-12-30,0.0
2021-12-31,0.0
2022-01-01,0.0
2022-01-02,0.0
2022-01-03,0.0
2022-01-04,0.0
2022-01-05,26.0
2022-01-06,57.0
2022-01-07,58.0
2022-01-08,0.0
2022-01-09,0.0
2022-01-10,56.0
2022-01-11,56.0
2022-01-12,50.0
2022-01-13,58.0
2022-01-14,59.0
2022-01-15,0.0
2022-01-16,0.0
2022-01-17,61.0
2022-01-18,56.0
2022-01-19,36.0
2022-01-20,36.0
2022-01-21,33.0
2022-01-22,0.0
2022-01-23,0.0
2022-01-24,30.0
2022-01-25,34.0
2022-01-26,35.0
2022-01-27,37.0
2022-01-28,36.0
2022-01-29,0.0
2022-01-30,0.0
2022-01-31,41.0
2022-02-01,19.0
2022-02-02,0.0
2022-02-03,0.0
2022-02-04,0.0
2022-02-05,0.0
2022-02-06,0.0
2022-02-07,0.0
2022-02-08,0.0
2022-02-09,0.0
2022-02-10,0.0
2022-02-11,0.0
2022-02-12,0.0
2022-02-13,0.0
2022-02-14,14.0
2022-02-15,33.0
2022-02-16,29.0
2022-02-17,20.0
2022-02-18,19.0
2022-02-19,0.0
2022-02-20,6.0
2022-02-21,77.0
2022-02-22,88.0
2022-02-23,87.0
2022-02-24,88.0
2022-02-25,67.0
2022-02-26,0.0
2022-02-27,0.0
2022-02-28,41.0
2022-03-01,41.0
2022-03-02,42.0
2022-03-03,41.0
2022-03-04,41.0
2022-03-05,0.0
2022-03-06,0.0
2022-03-07,66.0
2022-03-08,70.0
2022-03-09,70.0
2022-03-10,71.0
2022-03-11,71.0
2022-03-12,0.0
2022-03-13,0.0
2022-03-14,72.0
2022-03-15,71.0
2022-03-16,71.0
2022-03-17,72.0
2022-03-18,70.0
2022-03-19,0.0
2022-03-20,0.0
2022-03-21,70.0
2022-03-22,72.0
2022-03-23,71.0
2022-03-24,72.0
2022-03-25,70.0
2022-03-26,0.0
2022-03-27,0.0
2022-03-28,71.0
2022-03-29,69.0
2022-03-30,71.0
2022-03-31,70.0
2022-04-01,71.0
2022-04-02,0.0
2022-04-03,0.0
2022-04-04,73.0
2022-04-05,75.0
2022-04-06,74.0
2022-04-07,73.0
2022-04-08,73.0
2022-04-09,0.0
2022-04-10,0.0
2022-04-11,71.0
2022-04-12,72.0
2022-04-13,73.0
2022-04-14,74.0
2022-04-15,70.0
2022-04-16,0.0
2022-04-17,0.0
2022-04-18,73.0
2022-04-19,72.0
2022-04-20,72.0
2022-04-21,71.0
2022-04-22,72.0
2022-04-23,0.0
2022-04-24,0.0
2022-04-25,71.0
2022-04-26,72.0
2022-04-27,72.0
2022-04-28,70.0
2022-04-29,71.0
2022-04-30,0.0
2022-05-01,0.0
2022-05-02,71.0
2022-05-03,72.0
2022-05-04,72.0
2022-05-05,72.0
2022-05-06,74.0
2022-05-07,0.0
2022-05-08,0.0
2022-05-09,58.0
2022-05-10,64.0
2022-05-11,74.0
2022-05-12,73.0
2022-05-13,74.0
2022-05-14,0.0
2022-05-15,0.0
2022-05-16,74.0
2022-05-17,73.0
2022-05-18,75.0
2022-05-19,74.0
2022-05-20,72.0
2022-05-21,0.0
2022-05-22,0.0
2022-05-23,74.0
2022-05-24,74.0
2022-05-25,73.0
2022-05-26,74.0
2022-05-27,74.0
2022-05-28,0.0
2022-05-29,0.0
2022-05-30,71.0
2022-05-31,72.0
2022-06-01,72.0
2022-06-02,72.0
2022-06-03,73.0
2022-06-04,0.0
2022-06-05,0.0
2022-06-06,74.0
2022-06-07,74.0
2022-06-08,73.0
2022-06-09,93.0
2022-06-10,74.0
2022-06-11,0.0
2022-06-12,0.0
2022-06-13,73.0
2022-06-14,73.0
2022-06-15,73.0
2022-06-16,73.0
2022-06-17,71.0
2022-06-18,0.0
2022-06-19,0.0
2022-06-20,66.0
2022-06-21,74.0
2022-06-22,73.0
2022-06-23,76.0
2022-06-24,75.0
2022-06-25,0.0
2022-06-26,0.0
2022-06-27,73.0
2022-06-28,74.0
2022-06-29,62.0
2022-06-30,74.0
2022-07-01,72.0
2022-07-02,0.0
2022-07-03,0.0
2022-07-04,73.0
2022-07-05,73.0
2022-07-06,72.0
2022-07-07,74.0
2022-07-08,73.0
2022-07-09,0.0
2022-07-10,0.0
2022-07-11,60.0
2022-07-12,66.0
2022-07-13,73.0
2022-07-14,73.0
2022-07-15,72.0
2022-07-16,0.0
2022-07-17,0.0
2022-07-18,75.0
2022-07-19,76.0
2022-07-20,74.0
2022-07-21,73.0
2022-07-22,70.0
2022-07-23,0.0
2022-07-24,0.0
2022-07-25,75.0
2022-07-26,72.0
2022-07-27,71.0
2022-07-28,70.0
2022-07-29,72.0
2022-07-30,0.0
2022-07-31,0.0
2022-08-01,72.0
2022-08-02,62.0
2022-08-03,67.0
2022-08-04,75.0
2022-08-05,73.0
2022-08-06,0.0
2022-08-07,0.0
2022-08-08,71.0
2022-08-09,71.0
2022-08-10,73.0
2022-08-11,73.0
2022-08-12,74.0
2022-08-13,0.0
2022-08-14,0.0
2022-08-15,70.0
2022-08-16,69.0
2022-08-17,72.0
2022-08-18,73.0
2022-08-19,69.0
2022-08-20,0.0
2022-08-21,0.0
2022-08-22,42.0
2022-08-23,44.0
2022-08-24,73.0
2022-08-25,75.0
2022-08-26,73.0
2022-08-27,0.0
2022-08-28,0.0
2022-08-29,71.0
2022-08-30,70.0
2022-08-31,70.0
2022-09-01,71.0
2022-09-02,71.0
2022-09-03,0.0
2022-09-04,0.0
2022-09-05,74.0
2022-09-06,73.0
2022-09-07,72.0
2022-09-08,71.0
2022-09-09,71.0
2022-09-10,0.0
2022-09-11,0.0
2022-09-12,72.0
2022-09-13,68.0
2022-09-14,62.0
2022-09-15,71.0
2022-09-16,71.0
2022-09-17,0.0
2022-09-18,0.0
2022-09-19,71.0
2022-09-20,69.0
2022-09-21,68.0
2022-09-22,69.0
2022-09-23,70.0
2022-09-24,0.0
2022-09-25,0.0
2022-09-26,70.0
2022-09-27,69.0
2022-09-28,66.0
2022-09-29,68.0
2022-09-30,70.0
2022-10-01,0.0
2022-10-02,0.0
2022-10-03,69.0
2022-10-04,69.0
2022-10-05,72.0
2022-10-06,69.0
2022-10-07,70.0
2022-10-08,0.0
2022-10-09,0.0
2022-10-10,69.0
2022-10-11,68.0
2022-10-12,68.0
2022-10-13,69.0
2022-10-14,69.0
2022-10-15,0.0
2022-10-16,0.0
2022-10-17,70.0
2022-10-18,69.0
2022-10-19,67.0
2022-10-20,68.0
2022-10-21,70.0
2022-10-22,0.0
2022-10-23,0.0
2022-10-24,70.0
2022-10-25,70.0
2022-10-26,70.0
2022-10-27,69.0
2022-10-28,71.0
2022-10-29,0.0
2022-10-30,0.0
2022-10-31,68.0
2022-11-01,58.0
2022-11-02,69.0
2022-11-03,69.0
2022-11-04,69.0
2022-11-05,0.0
2022-11-06,0.0
2022-11-07,70.0
2022-11-08,64.0
2022-11-09,42.0
2022-11-10,57.0
2022-11-11,68.0
2022-11-12,0.0
2022-11-13,0.0
2022-11-14,67.0
2022-11-15,68.0
2022-11-16,69.0
2022-11-17,58.0
2022-11-18,53.0
2022-11-19,0.0
2022-11-20,0.0
2022-11-21,56.0
2022-11-22,67.0
2022-11-23,69.0
2022-11-24,68.0
2022-11-25,69.0
2022-11-26,49.0
2022-11-27,0.0
2022-11-28,64.0
2022-11-29,55.0
2022-11-30,61.0
2022-12-01,63.0
2022-12-02,59.0
2022-12-03,0.0
2022-12-04,0.0
2022-12-05,66.0
2022-12-06,67.0
2022-12-07,66.0
2022-12-08,67.0
2022-12-09,65.0
2022-12-10,0.0
2022-12-11,0.0
2022-12-12,63.0
2022-12-13,64.0
2022-12-14,65.0
2022-12-15,59.0
2022-12-16,53.0
2022-12-17,0.0
2022-12-18,0.0
2022-12-19,60.0
2022-12-20,67.0
2022-12-21,65.0
2022-12-22,64.0
2022-12-23,65.0
2022-12-24,0.0
2022-12-25,0.0
2022-12-26,65.0
2022-12-27,64.0
2022-12-28,67.0
2022-12-29,66.0
2022-12-30,65.0
2022-12-31,0.0
2023-01-01,0.0
2023-01-02,65.0
2023-01-03,63.0
2023-01-04,68.0
2023-01-05,65.0
2023-01-06,65.0
2023-01-07,0.0
2023-01-08,0.0
2023-01-09,65.0
2023-01-10,64.0
2023-01-11,55.0
2023-01-12,63.0
2023-01-13,66.0
2023-01-14,0.0
2023-01-15,0.0
2023-01-16,62.0
2023-01-17,63.0
2023-01-18,63.0
2023-01-19,63.0
2023-01-20,61.0
2023-01-21,0.0
2023-01-22,0.0
2023-01-23,60.0
2023-01-24,60.0
2023-01-25,59.0
2023-01-26,63.0
2023-01-27,61.0
2023-01-28,0.0
2023-01-29,0.0
2023-01-30,67.0
2023-01-31,65.0
2023-02-01,57.0
2023-02-02,62.0
2023-02-03,66.0
2023-02-04,0.0
2023-02-05,0.0
2023-02-06,61.0
2023-02-07,60.0
2023-02-08,61.0
2023-02-09,61.0
2023-02-10,62.0
2023-02-11,0.0
2023-02-12,0.0
2023-02-13,63.0
2023-02-14,44.0
2023-02-15,63.0
2023-02-16,64.0
2023-02-17,66.0
2023-02-18,0.0
2023-02-19,0.0
2023-02-20,65.0
2023-02-21,64.0
2023-02-22,62.0
2023-02-23,62.0
2023-02-24,65.0
2023-02-25,0.0
2023-02-26,0.0
2023-02-27,61.0
2023-02-28,60.0
2023-03-01,61.0
2023-03-02,60.0
2023-03-03,62.0
2023-03-04,0.0
2023-03-05,0.0
2023-03-06,63.0
2023-03-07,62.0
2023-03-08,61.0
2023-03-09,42.0
2023-03-10,55.0
2023-03-11,0.0
2023-03-12,0.0
2023-03-13,69.0
2023-03-14,66.0
2023-03-15,63.0
2023-03-16,65.0
2023-03-17,66.0
2023-03-18,0.0
2023-03-19,0.0
2023-03-20,53.0
2023-03-21,53.0
2023-03-22,66.0
2023-03-23,68.0
2023-03-24,66.0
2023-03-25,0.0
2023-03-26,0.0
2023-03-27,61.0
2023-03-28,37.0
2023-03-29,38.0
2023-03-30,59.0
2023-03-31,66.0
2023-04-01,0.0
2023-04-02,0.0
2023-04-03,61.0
2023-04-04,62.0
2023-04-05,63.0
2023-04-06,63.0
2023-04-07,64.0
2023-04-08,0.0
2023-04-09,0.0
2023-04-10,66.0
2023-04-11,66.0
2023-04-12,66.0
2023-04-13,66.0
2023-04-14,54.0
2023-04-15,0.0
2023-04-16,0.0
2023-04-17,60.0
2023-04-18,63.0
2023-04-19,64.0
2023-04-20,63.0
2023-04-21,65.0
2023-04-22,0.0
2023-04-23,0.0
2023-04-24,66.0
2023-04-25,64.0
2023-04-26,63.0
2023-04-27,64.0
2023-04-28,64.0
2023-04-29,0.0
2023-04-30,0.0
2023-05-01,67.0
2023-05-02,64.0
2023-05-03,63.0
2023-05-04,66.0
2023-05-05,66.0
2023-05-06,0.0
2023-05-07,0.0
2023-05-08,67.0
2023-05-09,67.0
2023-05-10,66.0
2023-05-11,67.0
2023-05-12,66.0
2023-05-13,0.0
2023-05-14,0.0
2023-05-15,67.0
2023-05-16,61.0
2023-05-17,67.0
2023-05-18,65.0
2023-05-19,68.0
2023-05-20,0.0
2023-05-21,0.0
2023-05-22,72.0
2023-05-23,68.0
2023-05-24,68.0
2023-05-25,67.0
2023-05-26,65.0
2023-05-27,0.0
2023-05-28,0.0
2023-05-29,67.0
2023-05-30,67.0
2023-05-31,68.0
2023-06-01,68.0
2023-06-02,67.0
2023-06-03,0.0
2023-06-04,0.0
2023-06-05,68.0
2023-06-06,68.0
2023-06-07,69.0
2023-06-08,69.0
2023-06-09,71.0
2023-06-10,0.0
2023-06-11,0.0
2023-06-12,73.0
2023-06-13,72.0
2023-06-14,71.0
2023-06-15,71.0
2023-06-16,73.0
2023-06-17,0.0
2023-06-18,0.0
2023-06-19,72.0
2023-06-20,73.0
2023-06-21,71.0
2023-06-22,72.0
2023-06-23,72.0
2023-06-24,0.0
2023-06-25,0.0
2023-06-26,71.0
2023-06-27,71.0
2023-06-28,70.0
2023-06-29,71.0
2023-06-30,71.0
2023-07-01,0.0
2023-07-02,0.0
2023-07-03,71.0
2023-07-04,70.0
2023-07-05,70.0
2023-07-06,71.0
2023-07-07,72.0
2023-07-08,0.0
2023-07-09,0.0
2023-07-10,71.0
2023-07-11,73.0
2023-07-12,72.0
2023-07-13,71.0
2023-07-14,70.0
2023-07-15,0.0
2023-07-16,0.0
2023-07-17,71.0
2023-07-18,71.0
2023-07-19,70.0
2023-07-20,65.0
2023-07-21,70.0
2023-07-22,0.0
2023-07-23,0.0
2023-07-24,72.0
2023-07-25,70.0
2023-07-26,70.0
2023-07-27,70.0
2023-07-28,55.0
2023-07-29,0.0
2023-07-30,0.0
2023-07-31,61.0
2023-08-01,71.0
2023-08-02,70.0
2023-08-03,73.0
2023-08-04,70.0
2023-08-05,0.0
2023-08-06,0.0
2023-08-07,70.0
2023-08-08,71.0
2023-08-09,70.0
2023-08-10,69.0
2023-08-11,73.0
2023-08-12,0.0
2023-08-13,0.0
2023-08-14,71.0
2023-08-15,71.0
2023-08-16,40.0
2023-08-17,61.0
2023-08-18,70.0
2023-08-19,0.0
2023-08-20,0.0
2023-08-21,71.0
2023-08-22,71.0
2023-08-23,71.0
2023-08-24,70.0
2023-08-25,68.0
2023-08-26,0.0
2023-08-27,0.0
2023-08-28,69.0
2023-08-29,69.0
2023-08-30,69.0
2023-08-31,69.0
2023-09-01,68.0
2023-09-02,0.0
2023-09-03,0.0
2023-09-04,69.0
2023-09-05,71.0
2023-09-06,73.0
2023-09-07,71.0
2023-09-08,74.0
2023-09-09,0.0
2023-09-10,0.0
2023-09-11,72.0
2023-09-12,72.0
2023-09-13,68.0
2023-09-14,68.0
2023-09-15,69.0
2023-09-16,0.0
2023-09-17,0.0
2023-09-18,71.0
2023-09-19,70.0
2023-09-20,57.0
2023-09-21,62.0
2023-09-22,68.0
2023-09-23,0.0
2023-09-24,0.0
2023-09-25,68.0
2023-09-26,68.0
2023-09-27,69.0
2023-09-28,69.0
2023-09-29,70.0
2023-09-30,0.0
2023-10-01,0.0
2023-10-02,64.0
2023-10-03,64.0
2023-10-04,68.0
2023-10-05,62.0
2023-10-06,52.0
2023-10-07,0.0
2023-10-08,0.0
2023-10-09,69.0
2023-10-10,69.0
2023-10-11,70.0
2023-10-12,66.0
2023-10-13,53.0
2023-10-14,0.0
2023-10-15,0.0
2023-10-16,54.0
2023-10-17,63.0
2023-10-18,63.0
2023-10-19,68.0
2023-10-20,58.0
2023-10-21,0.0
2023-10-22,0.0
2023-10-23,64.0
2023-10-24,65.0
2023-10-25,65.0
2023-10-26,64.0
2023-10-27,65.0
2023-10-28,0.0
2023-10-29,0.0
2023-10-30,65.0
2023-10-31,66.0
2023-11-01,63.0
2023-11-02,40.0
2023-11-03,37.0
2023-11-04,0.0
2023-11-05,0.0
2023-11-06,36.0
2023-11-07,39.0
2023-11-08,61.0
2023-11-09,67.0
2023-11-10,67.0
2023-11-11,0.0
2023-11-12,0.0
2023-11-13,68.0
2023-11-14,68.0
2023-11-15,68.0
2023-11-16,66.0
2023-11-17,65.0
2023-11-18,47.0
2023-11-19,0.0
2023-11-20,64.0
2023-11-21,64.0
2023-11-22,65.0
2023-11-23,69.0
2023-11-24,71.0
2023-11-25,0.0
2023-11-26,0.0
2023-11-27,64.0
2023-11-28,64.0
2023-11-29,58.0
2023-11-30,62.0
2023-12-01,63.0
2023-12-02,0.0
2023-12-03,0.0
2023-12-04,30.0
2023-12-05,64.0
2023-12-06,63.0
2023-12-07,63.0
2023-12-08,65.0
2023-12-09,0.0
2023-12-10,0.0
2023-12-11,55.0
2023-12-12,66.0
2023-12-13,65.0
2023-12-14,64.0
2023-12-15,64.0
2023-12-16,0.0
2023-12-17,0.0
2023-12-18,66.0
2023-12-19,66.0
2023-12-20,67.0
2023-12-21,70.0
2023-12-22,69.0
2023-12-23,0.0
2023-12-24,0.0
2023-12-25,67.0
2023-12-26,66.0
2023-12-27,64.0
2023-12-28,67.0
2023-12-29,67.0
2023-12-30,0.0
2023-12-31,0.0
2024-01-01,67.0
2024-01-02,67.0
2024-01-03,67.0
2024-01-04,65.0
2024-01-05,65.0
2024-01-06,0.0
2024-01-07,0.0
2024-01-08,61.0
2024-01-09,60.0
2024-01-10,60.0
2024-01-11,62.0
2024-01-12,63.0
2024-01-13,0.0
2024-01-14,0.0
2024-01-15,66.0
2024-01-16,63.0
2024-01-17,63.0
2024-01-18,63.0
2024-01-19,59.0
2024-01-20,0.0
2024-01-21,0.0
2024-01-22,52.0
2024-01-23,65.0
2024-01-24,66.0
2024-01-25,64.0
2024-01-26,67.0
2024-01-27,0.0
2024-01-28,0.0
2024-01-29,64.0
2024-01-30,65.0
2024-01-31,64.0
2024-02-01,65.0
2024-02-02,65.0
2024-02-03,0.0
2024-02-04,0.0
2024-02-05,66.0
2024-02-06,68.0
2024-02-07,63.0
2024-02-08,63.0
2024-02-09,67.0
2024-02-10,0.0
2024-02-11,0.0
2024-02-12,65.0
2024-02-13,65.0
2024-02-14,66.0
2024-02-15,66.0
2024-02-16,66.0
2024-02-17,0.0
2024-02-18,0.0
2024-02-19,65.0
2024-02-20,65.0
2024-02-21,49.0
2024-02-22,64.0
2024-02-23,65.0
2024-02-24,0.0
2024-02-25,0.0
2024-02-26,52.0
2024-02-27,48.0
2024-02-28,64.0
2024-02-29,65.0
2024-03-01,65.0
2024-03-02,0.0
2024-03-03,0.0
2024-03-04,65.0
2024-03-05,63.0
2024-03-06,64.0
2024-03-07,62.0
2024-03-08,63.0
2024-03-09,0.0
2024-03-10,0.0
2024-03-11,64.0
2024-03-12,65.0
2024-03-13,65.0
2024-03-14,67.0
2024-03-15,66.0
2024-03-16,0.0
2024-03-17,0.0
2024-03-18,66.0
2024-03-19,59.0
2024-03-20,53.0
2024-03-21,46.0
2024-03-22,38.0
2024-03-23,0.0
2024-03-24,0.0
2024-03-25,63.0
2024-03-26,58.0
2024-03-27,55.0
2024-03-28,66.0
2024-03-29,66.0
2024-03-30,0.0
2024-03-31,0.0
2024-04-01,67.0
2024-04-02,66.0
2024-04-03,66.0
2024-04-04,67.0
2024-04-05,67.0
2024-04-06,0.0
2024-04-07,0.0
2024-04-08,65.0
2024-04-09,67.0
2024-04-10,65.0
2024-04-11,65.0
2024-04-12,67.0
2024-04-13,0.0
2024-04-14,0.0
2024-04-15,66.0
2024-04-16,69.0
2024-04-17,64.0
2024-04-18,65.0
2024-04-19,69.0
2024-04-20,0.0
2024-04-21,0.0
2024-04-22,63.0
2024-04-23,64.0
2024-04-24,67.0
2024-04-25,64.0
2024-04-26,65.0
2024-04-27,0.0
2024-04-28,0.0
2024-04-29,65.0
2024-04-30,66.0
2024-05-01,69.0
2024-05-02,67.0
2024-05-03,66.0
2024-05-04,0.0
2024-05-05,0.0
2024-05-06,65.0
2024-05-07,66.0
2024-05-08,39.0
2024-05-09,39.0
2024-05-10,39.0
2024-05-11,0.0
2024-05-12,0.0
2024-05-13,41.0
2024-05-14,40.0
2024-05-15,40.0
2024-05-16,40.0
2024-05-17,67.0
2024-05-18,0.0
2024-05-19,0.0
2024-05-20,66.0
2024-05-21,67.0
2024-05-22,66.0
2024-05-23,67.0
2024-05-24,65.0
2024-05-25,0.0
2024-05-26,0.0
2024-05-27,66.0
2024-05-28,66.0
2024-05-29,67.0
2024-05-30,66.0
2024-05-31,66.0
2024-06-01,0.0
2024-06-02,0.0
2024-06-03,65.0
2024-06-04,67.0
2024-06-05,66.0
2024-06-06,65.0
2024-06-07,67.0
2024-06-08,0.0
2024-06-09,0.0
2024-06-10,59.0
2024-06-11,61.0
2024-06-12,66.0
2024-06-13,66.0
2024-06-14,58.0
2024-06-15,0.0
2024-06-16,0.0
2024-06-17,64.0
2024-06-18,64.0
2024-06-19,67.0
2024-06-20,67.0
2024-06-21,66.0
2024-06-22,0.0
2024-06-23,0.0
2024-06-24,68.0
2024-06-25,69.0
2024-06-26,70.0
2024-06-27,71.0
2024-06-28,68.0
2024-06-29,0.0
2024-06-30,0.0
2024-07-01,67.0
2024-07-02,68.0
2024-07-03,55.0
2024-07-04,40.0
2024-07-05,64.0
2024-07-06,0.0
2024-07-07,0.0
2024-07-08,67.0
2024-07-09,69.0
2024-07-10,69.0
2024-07-11,67.0
2024-07-12,67.0
2024-07-13,0.0
2024-07-14,0.0
2024-07-15,67.0
2024-07-16,68.0
2024-07-17,65.0
2024-07-18,68.0
2024-07-19,51.0
2024-07-20,0.0
2024-07-21,0.0
2024-07-22,67.0
2024-07-23,69.0
2024-07-24,67.0
2024-07-25,68.0
2024-07-26,68.0
2024-07-27,0.0
2024-07-28,0.0
2024-07-29,68.0
2024-07-30,69.0
2024-07-31,68.0
2024-08-01,67.0
2024-08-02,68.0
2024-08-03,0.0
2024-08-04,0.0
2024-08-05,57.0
2024-08-06,42.0
2024-08-07,68.0
2024-08-08,53.0
2024-08-09,70.0
2024-08-10,0.0
2024-08-11,0.0
2024-08-12,68.0
2024-08-13,72.0
2024-08-14,68.0
2024-08-15,69.0
2024-08-16,69.0
2024-08-17,0.0
2024-08-18,0.0
2024-08-19,67.0
2024-08-20,67.0
2024-08-21,66.0
2024-08-22,69.0
2024-08-23,69.0
2024-08-24,0.0
2024-08-25,0.0
2024-08-26,67.0
2024-08-27,55.0
2024-08-28,68.0
2024-08-29,69.0
2024-08-30,66.0
2024-08-31,0.0
2024-09-01,0.0
2024-09-02,71.0
2024-09-03,68.0
2024-09-04,66.0
2024-09-05,69.0
2024-09-06,67.0
2024-09-07,0.0
2024-09-08,0.0
2024-09-09,68.0
2024-09-10,66.0
2024-09-11,67.0
2024-09-12,65.0
2024-09-13,65.0
2024-09-14,0.0
2024-09-15,0.0
2024-09-16,66.0
2024-09-17,65.0
2024-09-18,54.0
2024-09-19,62.0
2024-09-20,66.0
2024-09-21,0.0
2024-09-22,0.0
2024-09-23,66.0
2024-09-24,66.0
2024-09-25,65.0
2024-09-26,67.0
2024-09-27,67.0
2024-09-28,0.0
2024-09-29,0.0
2024-09-30,63.0
2024-10-01,66.0
2024-10-02,60.0
2024-10-03,64.0
2024-10-04,63.0
2024-10-05,0.0
2024-10-06,0.0
2024-10-07,66.0
2024-10-08,64.0
2024-10-09,66.0
2024-10-10,68.0
2024-10-11,64.0
2024-10-12,0.0
2024-10-13,0.0
2024-10-14,58.0
2024-10-15,63.0
2024-10-16,65.0
2024-10-17,66.0
2024-10-18,65.0
2024-10-19,0.0
2024-10-20,0.0
2024-10-21,64.0
2024-10-22,65.0
2024-10-23,63.0
2024-10-24,63.0
2024-10-25,65.0
2024-10-26,0.0
2024-10-27,0.0
2024-10-28,65.0
2024-10-29,64.0
2024-10-30,64.0
2024-10-31,64.0
2024-11-01,64.0
2024-11-02,0.0
2024-11-03,0.0
2024-11-04,46.0
2024-11-05,63.0
2024-11-06,63.0
2024-11-07,62.0
2024-11-08,61.0
2024-11-09,0.0
2024-11-10,0.0
2024-11-11,66.0
2024-11-12,62.0
2024-11-13,64.0
2024-11-14,64.0
2024-11-15,58.0
2024-11-16,0.0
2024-11-17,0.0
2024-11-18,64.0
2024-11-19,62.0
2024-11-20,64.0
2024-11-21,63.0
2024-11-22,65.0
2024-11-23,0.0
2024-11-24,0.0
2024-11-25,61.0
2024-11-26,65.0
2024-11-27,49.0
2024-11-28,60.0
2024-11-29,44.0
2024-11-30,0.0
2024-12-01,0.0
2024-12-02,60.0
2024-12-03,64.0
2024-12-04,63.0
2024-12-05,64.0
2024-12-06,69.0
2024-12-07,0.0
2024-12-08,0.0
2024-12-09,47.0
2024-12-10,62.0
2024-12-11,61.0
2024-12-12,62.0
2024-12-13,61.0
2024-12-14,0.0
2024-12-15,0.0
2024-12-16,65.0
2024-12-17,49.0
2024-12-18,67.0
2024-12-19,67.0
2024-12-20,61.0
2024-12-21,0.0
2024-12-22,0.0
2024-12-23,56.0
2024-12-24,55.0
2024-12-25,63.0
2024-12-26,62.0
2024-12-27,61.0
2024-12-28,0.0
2024-12-29,0.0
2024-12-30,64.0
2024-12-31,63.0
2025-01-01,67.0
2025-01-02,62.0
2025-01-03,64.0
2025-01-04,0.0
2025-01-05,0.0
2025-01-06,67.0
2025-01-07,63.0
2025-01-08,64.0
2025-01-09,64.0
2025-01-10,62.0
2025-01-11,0.0
2025-01-12,0.0
2025-01-13,62.0
2025-01-14,62.0
2025-01-15,63.0
2025-01-16,62.0
2025-01-17,60.0
2025-01-18,0.0
2025-01-19,0.0
2025-01-20,53.0
2025-01-21,62.0
2025-01-22,62.0
2025-01-23,63.0
2025-01-24,65.0
2025-01-25,0.0
2025-01-26,0.0
2025-01-27,66.0
2025-01-28,54.0
2025-01-29,65.0
2025-01-30,64.0
2025-01-31,61.0
2025-02-01,0.0
2025-02-02,0.0
2025-02-03,62.0
2025-02-04,62.0
2025-02-05,62.0
2025-02-06,61.0
2025-02-07,60.0
2025-02-08,0.0
2025-02-09,0.0
2025-02-10,42.0
2025-02-11,61.0
2025-02-12,57.0
2025-02-13,62.0
2025-02-14,60.0
2025-02-15,0.0
2025-02-16,0.0
2025-02-17,60.0
2025-02-18,60.0
2025-02-19,61.0
2025-02-20,47.0
2025-02-21,33.0
2025-02-22,0.0
2025-02-23,0.0
2025-02-24,64.0
2025-02-25,64.0
2025-02-26,64.0
2025-02-27,63.0
2025-02-28,62.0
2025-03-01,0.0
2025-03-02,0.0
2025-03-03,55.0
2025-03-04,63.0
2025-03-05,64.0
2025-03-06,64.0
2025-03-07,65.0
2025-03-08,0.0
2025-03-09,0.0
2025-03-10,63.0
2025-03-11,66.0
2025-03-12,63.0
2025-03-13,61.0
2025-03-14,63.0
2025-03-15,0.0
2025-03-16,0.0
2025-03-17,61.0
2025-03-18,50.0
2025-03-19,63.0
2025-03-20,65.0
2025-03-21,64.0
2025-03-22,0.0
2025-03-23,0.0
2025-03-24,65.0
2025-03-25,64.0
2025-03-26,64.0
2025-03-27,65.0
2025-03-28,64.0
2025-03-29,0.0
2025-03-30,0.0
2025-03-31,64.0
2025-04-01,62.0
2025-04-02,63.0
2025-04-03,64.0
2025-04-04,64.0
2025-04-05,0.0
2025-04-06,0.0
2025-04-07,63.0
2025-04-08,63.0
2025-04-09,63.0
2025-04-10,65.0
2025-04-11,61.0
2025-04-12,0.0
2025-04-13,0.0
2025-04-14,64.0
2025-04-15,66.0
2025-04-16,64.0
2025-04-17,65.0
2025-04-18,63.0
2025-04-19,0.0
2025-04-20,0.0
2025-04-21,64.0
2025-04-22,65.0
2025-04-23,54.0
2025-04-24,58.0
2025-04-25,45.0
2025-04-26,0.0
2025-04-27,0.0
2025-04-28,65.0
2025-04-29,64.0
2025-04-30,66.0
2025-05-01,67.0
2025-05-02,67.0
2025-05-03,0.0
2025-05-04,0.0
2025-05-05,64.0
2025-05-06,64.0
2025-05-07,64.0
2025-05-08,64.0
2025-05-09,42.0
2025-05-10,0.0
2025-05-11,0.0
2025-05-12,65.0
2025-05-13,59.0
2025-05-14,66.0
2025-05-15,65.0
2025-05-16,66.0
2025-05-17,0.0
2025-05-18,0.0
2025-05-19,64.0
2025-05-20,66.0
2025-05-21,60.0
2025-05-22,72.0
2025-05-23,71.0
2025-05-24,0.0
2025-05-25,0.0
2025-05-26,70.0
2025-05-27,71.0
2025-05-28,70.0
2025-05-29,70.0
2025-05-30,71.0
2025-05-31,0.0
2025-06-01,0.0
2025-06-02,57.0
2025-06-03,59.0
2025-06-04,70.0
